Employee ID,Current Employee Rating,Engagement Score,Satisfaction Score,Work-Life Balance Score,Performance Score Ordinal
3427,4,1,2,3,4
3428,3,2,1,5,4
3429,4,1,2,1,4
3430,2,5,5,4,4
3431,3,2,5,3,4
3432,3,2,3,5,4
3433,4,1,5,2,3
3434,2,1,4,2,4
3435,3,4,3,3,3
3436,5,5,5,2,4
3437,5,3,2,5,4
3438,3,4,2,5,4
3439,3,1,2,5,4
3440,3,1,4,5,4
3441,4,4,2,5,3
3442,2,2,5,3,3
3443,3,2,2,4,4
3444,3,1,2,4,4
3445,4,4,5,2,3
3446,2,4,3,5,3
3447,3,5,1,4,4
3448,3,5,1,5,4
3449,5,3,2,1,4
3450,2,4,3,5,3
3451,3,5,1,2,3
3452,2,5,5,2,4
3453,4,5,5,3,4
3454,4,4,4,2,2
3455,4,2,1,1,3
3456,3,4,3,4,4
3457,3,5,1,4,2
3458,3,2,5,5,2
3459,2,4,4,3,3
3460,3,4,3,3,4
3461,1,1,4,4,2
3462,3,3,3,1,2
3463,1,4,3,4,4
3464,5,2,5,3,2
3465,3,5,4,3,2
3466,4,1,3,4,3
3467,1,4,3,2,3
3468,4,3,1,3,4
3469,3,5,5,1,2
3470,3,1,2,3,2
3471,4,2,4,1,4
3472,4,5,5,4,3
3473,2,3,4,4,3
3474,2,3,1,2,4
3475,2,4,3,4,4
3476,2,5,5,3,2
3477,2,1,2,1,2
3478,2,3,4,1,4
3479,2,4,4,4,4
3480,1,1,5,3,4
3481,4,5,2,4,4
3482,2,4,5,5,2
3483,1,1,4,5,4
3484,4,1,2,4,4
3485,5,2,1,3,4
3486,4,3,1,1,4
3487,4,5,4,1,4
3488,2,1,5,1,4
3489,2,2,4,5,4
3490,2,5,3,2,4
3491,5,3,4,5,4
3492,1,1,5,5,4
3493,5,3,1,5,4
3494,4,1,2,1,4
3495,4,4,3,5,4
3496,5,1,3,2,4
3497,1,2,3,4,4
3498,2,3,3,4,4
3499,5,5,3,5,4
3500,1,4,1,4,4
3501,4,2,3,4,4
3502,1,5,3,5,4
3503,4,5,2,3,4
3504,2,3,4,3,4
3505,1,4,3,2,4
3506,2,2,2,3,4
3507,4,2,5,2,4
3508,5,1,5,4,4
3509,2,4,5,2,4
3510,2,2,4,3,4
3511,4,5,4,5,4
3512,2,5,1,3,4
3513,5,4,1,3,4
3514,1,2,1,1,4
3515,4,3,5,5,4
3516,5,2,3,5,4
3517,4,4,1,1,4
3518,2,4,2,5,4
3519,2,1,3,4,4
3520,1,5,1,1,4
3521,4,1,3,3,4
3522,1,1,5,4,4
3523,2,3,2,3,4
3524,2,3,2,4,4
3525,2,1,2,1,4
3526,4,1,5,3,4
3527,1,1,3,2,4
3528,2,5,2,2,4
3529,2,2,3,4,4
3530,2,1,2,5,4
3531,1,2,4,4,4
3532,1,2,2,5,4
3533,2,2,5,2,4
3534,4,4,3,2,4
3535,4,1,5,1,4
3536,2,1,2,4,4
3537,2,4,2,5,4
3538,2,1,5,4,4
3539,5,3,3,4,4
3540,4,2,2,3,3
3541,2,1,3,3,3
3542,1,2,3,4,2
3543,2,4,5,5,4
3544,2,3,5,3,4
3545,1,2,5,2,4
3546,1,2,5,5,3
3547,2,2,4,2,2
3548,1,5,5,3,4
3549,2,1,4,1,4
3550,1,3,5,4,4
3551,4,4,4,3,2
3552,1,3,4,2,2
3553,4,4,2,4,4
3554,1,2,1,2,4
3555,4,2,5,1,4
3556,2,2,2,3,3
3557,2,4,5,2,4
3558,1,2,5,3,4
3559,2,3,2,1,4
3560,4,2,4,5,3
3561,5,2,1,5,4
3562,2,2,1,3,3
3563,4,4,1,3,1
3564,1,4,4,3,4
3565,4,5,5,5,4
3566,2,1,2,3,4
3567,4,2,3,2,4
3568,2,2,4,1,4
3569,2,1,3,5,4
3570,1,2,5,3,4
3571,4,4,1,5,4
3572,5,5,5,5,4
3573,4,4,1,1,3
3574,1,3,3,3,4
3575,5,5,1,5,3
3576,4,2,3,3,3
3577,4,5,4,5,4
3578,2,1,4,2,3
3579,4,5,3,3,2
3580,4,2,4,3,4
3581,2,3,4,4,4
3582,4,2,2,5,4
3583,4,4,1,4,2
3584,4,2,2,5,4
3585,4,1,2,3,4
3586,2,4,2,4,4
3587,2,1,2,2,4
3588,2,4,2,1,4
3589,1,2,3,2,4
3590,4,2,5,4,4
3591,5,2,1,4,2
3592,3,4,1,2,4
3593,1,4,4,3,4
3594,1,1,5,1,2
3595,1,2,3,1,4
3596,2,4,3,4,2
3597,1,5,4,4,4
3598,1,2,5,4,2
3599,2,4,4,2,4
3600,2,2,1,4,4
3601,5,1,1,2,4
3602,5,3,3,3,4
3603,2,5,1,3,4
3604,4,3,5,4,2
3605,4,5,1,3,4
3606,3,3,5,1,4
3607,5,2,4,1,4
3608,3,1,3,1,4
3609,3,2,2,4,4
3610,3,4,5,5,4
3611,2,2,3,4,4
3612,4,5,3,3,1
3613,1,1,5,2,3
3614,2,4,5,1,4
3615,2,3,1,4,3
3616,4,1,1,1,4
3617,1,2,3,3,4
3618,3,3,4,5,4
3619,3,1,5,2,4
3620,2,1,2,2,4
3621,2,2,3,2,4
3622,3,3,1,5,4
3623,3,2,2,5,4
3624,4,2,2,2,4
3625,5,5,2,4,4
3626,2,2,5,1,4
3627,3,1,1,4,4
3628,3,4,3,1,4
3629,5,2,4,4,4
3630,5,5,3,2,4
3631,3,4,1,5,4
3632,3,3,4,5,4
3633,5,4,4,4,4
3634,5,2,5,2,4
3635,4,1,5,4,4
3636,3,3,5,3,4
3637,3,2,1,3,4
3638,3,4,5,1,4
3639,3,3,2,3,4
3640,3,2,1,2,4
3641,3,2,5,4,4
3642,3,4,1,2,4
3643,3,1,5,3,4
3644,3,4,4,4,4
3645,3,1,3,3,4
3646,3,5,4,4,4
3647,3,2,4,4,4
3648,4,3,3,5,3
3649,4,1,2,2,3
3650,3,3,2,4,4
3651,3,1,4,1,4
3652,3,1,5,2,4
3653,3,4,4,3,3
3654,4,2,4,1,3
3655,3,1,5,1,4
3656,5,5,3,2,3
3657,4,4,2,4,4
3658,3,5,4,2,4
3659,1,3,1,5,3
3660,3,3,2,4,3
3661,3,3,2,5,4
3662,2,3,5,3,3
3663,3,2,3,4,3
3664,3,5,3,2,4
3665,3,5,2,1,4
3666,3,5,2,1,4
3667,3,1,1,2,4
3668,3,1,5,1,2
3669,3,4,2,4,4
3670,3,2,2,3,2
3671,3,3,4,5,2
3672,3,3,2,4,4
3673,3,3,3,1,4
3674,3,4,4,3,4
3675,3,5,3,2,4
3676,3,3,4,1,4
3677,3,3,5,5,4
3678,3,3,4,4,4
3679,3,4,2,5,4
3680,3,3,2,3,4
3681,3,5,2,5,4
3682,4,3,3,3,4
3683,3,2,1,5,4
3684,3,5,5,3,4
3685,3,4,3,4,4
3686,1,3,3,1,3
3687,1,2,4,5,3
3688,3,4,4,4,3
3689,3,4,4,3,3
3690,3,4,3,5,2
3691,1,1,1,5,2
3692,3,4,5,3,2
3693,2,3,1,1,3
3694,4,3,3,5,1
3695,4,1,1,4,1
3696,3,2,1,2,1
3697,4,3,4,1,1
3698,3,2,5,4,1
3699,2,2,4,3,1
3700,1,4,1,1,1
3701,2,4,1,4,1
3702,3,2,4,1,3
3703,4,5,5,5,3
3704,5,2,4,5,3
3705,3,3,1,4,3
3706,3,2,1,4,3
3707,3,3,2,4,3
3708,4,5,5,2,3
3709,5,3,5,3,3
3710,1,5,5,3,3
3711,1,4,3,3,2
3712,5,2,3,1,2
3713,3,3,4,1,4
3714,4,3,5,2,4
3715,4,1,1,4,4
3716,1,5,3,3,4
3717,2,4,1,3,4
3718,4,1,1,3,4
3719,3,1,2,1,4
3720,3,2,1,5,4
3721,2,5,4,5,4
3722,2,1,5,5,4
3723,3,2,1,4,4
3724,4,1,2,5,4
3725,1,4,3,3,4
3726,4,1,4,1,4
3727,3,1,2,5,4
3728,5,5,1,2,4
3729,3,4,5,3,4
3730,4,4,5,5,4
3731,3,2,4,1,4
3732,5,3,4,4,4
3733,3,1,3,5,4
3734,3,4,5,2,4
3735,1,4,4,4,4
3736,2,3,1,3,4
3737,5,2,5,1,4
3738,3,3,3,5,4
3739,3,1,3,4,4
3740,4,2,2,4,4
3741,1,2,5,4,4
3742,2,2,1,1,4
3743,2,2,1,3,4
3744,5,4,3,2,4
3745,4,5,4,4,4
3746,3,2,1,5,4
3747,2,2,5,5,4
3748,1,4,1,3,4
3749,4,1,3,3,4
3750,1,4,1,5,4
3751,3,1,1,4,4
3752,2,3,1,5,4
3753,4,1,3,2,4
3754,1,3,3,5,4
3755,4,5,4,2,4
3756,3,1,5,3,4
3757,2,4,4,5,4
3758,3,2,1,1,4
3759,1,3,4,1,4
3760,3,4,3,1,4
3761,1,2,4,1,4
3762,2,2,1,1,4
3763,3,3,2,5,4
3764,3,2,1,5,4
3765,3,1,1,2,4
3766,3,4,4,5,4
3767,2,2,5,3,4
3768,4,2,4,1,4
3769,3,3,5,3,4
3770,3,1,3,3,4
3771,3,2,2,4,4
3772,3,2,5,1,4
3773,3,1,5,2,4
3774,3,5,3,1,4
3775,3,2,1,3,4
3776,3,4,1,5,4
3777,3,4,3,2,4
3778,3,1,5,3,4
3779,3,4,1,1,4
3780,3,2,3,2,4
3781,3,5,3,1,4
3782,3,1,5,1,4
3783,3,3,4,3,4
3784,3,3,3,2,4
3785,3,3,2,2,4
3786,3,3,4,2,4
3787,3,1,2,1,4
3788,3,3,4,2,4
3789,3,3,1,4,4
3790,3,3,2,1,4
3791,3,4,1,1,4
3792,3,2,2,2,4
3793,3,2,3,3,4
3794,5,1,1,3,4
3795,3,4,3,2,3
3796,3,1,5,2,3
3797,3,3,4,2,4
3798,3,1,1,1,4
3799,3,3,1,3,3
3800,3,5,3,5,4
3801,3,2,1,4,4
3802,3,3,3,5,4
3803,3,1,2,5,4
3804,3,3,2,2,4
3805,3,2,5,2,4
3806,3,4,1,5,4
3807,3,4,5,4,4
3808,3,5,4,4,4
3809,3,3,1,5,4
3810,3,3,3,1,4
3811,3,1,1,1,4
3812,3,3,3,1,4
3813,3,2,3,4,4
3814,3,4,1,2,4
3815,3,1,5,3,4
3816,3,1,1,5,4
3817,3,3,3,1,2
3818,3,1,1,3,4
3819,3,4,1,1,4
3820,3,1,3,4,4
3821,3,5,4,4,4
3822,3,4,4,5,4
3823,3,5,4,1,2
3824,3,4,4,5,4
3825,3,4,4,2,4
3826,3,2,1,3,4
3827,3,3,3,4,4
3828,3,2,5,1,4
3829,3,3,2,1,3
3830,3,1,1,3,1
3831,3,3,2,5,2
3832,3,1,4,5,1
3833,3,3,5,2,1
3834,3,3,5,5,4
3835,3,5,3,1,4
3836,3,2,3,5,4
3837,3,5,3,1,1
3838,3,1,1,2,1
3839,3,3,3,4,1
3840,3,1,5,4,4
3841,3,5,4,4,4
3842,3,2,5,5,4
3843,3,3,5,5,4
3844,3,3,2,5,1
3845,3,4,5,3,1
3846,3,4,5,1,4
3847,3,5,3,1,4
3848,3,5,1,4,4
3849,3,3,3,1,4
3850,3,1,3,5,4
3851,3,5,2,1,1
3852,3,5,2,4,1
3853,3,1,3,3,4
3854,3,5,2,5,4
3855,3,5,3,4,4
3856,3,5,1,4,1
3857,3,1,1,2,1
3858,3,3,3,1,4
3859,3,1,2,5,1
3860,3,2,4,3,4
3861,3,3,1,5,1
3862,3,3,1,3,1
3863,3,4,2,1,1
3864,3,3,4,2,2
3865,3,1,4,3,2
3866,3,2,1,5,4
3867,3,5,3,3,4
3868,3,3,1,2,4
3869,3,1,4,2,4
3870,3,1,5,1,4
3871,3,4,5,2,4
3872,3,5,5,3,4
3873,3,3,4,5,4
3874,3,4,4,5,4
3875,3,5,5,1,4
3876,3,3,2,5,1
3877,3,3,3,4,1
3878,3,4,4,1,4
3879,3,1,5,2,4
3880,3,4,3,1,4
3881,3,5,3,5,4
3882,3,5,3,3,4
3883,3,2,2,1,4
3884,3,4,2,3,4
3885,3,5,5,5,4
3886,3,5,2,5,4
3887,3,2,3,5,3
3888,3,3,1,4,4
3889,3,2,1,1,4
3890,3,2,3,3,4
3891,3,3,2,2,4
3892,3,5,4,2,4
3893,3,3,1,2,4
3894,3,4,3,5,4
3895,3,2,1,2,4
3896,3,5,3,1,4
3897,3,5,4,3,4
3898,3,4,5,1,4
3899,3,4,5,4,4
3900,3,5,2,1,4
3901,3,1,2,5,4
3902,3,3,1,1,4
3903,3,1,4,3,4
3904,3,4,4,1,4
3905,3,5,5,5,4
3906,3,3,2,4,4
3907,3,3,2,5,4
3908,3,2,5,3,2
3909,3,1,1,2,2
3910,3,5,3,4,2
3911,3,2,5,4,4
3912,3,1,3,4,2
3913,3,2,2,5,4
3914,3,3,5,3,3
3915,3,5,3,1,4
3916,3,1,3,1,4
3917,3,3,1,4,3
3918,3,3,3,5,4
3919,3,3,3,2,4
3920,3,2,1,4,4
3921,3,4,3,2,4
3922,3,5,3,1,4
3923,3,2,4,3,3
3924,3,2,4,5,4
3925,3,1,3,3,4
3926,3,4,1,4,2
3927,3,5,4,1,4
3928,3,4,2,1,4
3929,3,2,5,2,4
3930,3,4,4,4,4
3931,3,2,1,5,4
3932,3,5,5,4,4
3933,3,3,4,5,4
3934,3,3,3,2,4
3935,3,5,1,4,4
3936,3,5,3,4,4
3937,3,1,3,1,4
3938,3,1,1,1,4
3939,3,5,2,4,4
3940,3,5,4,3,4
3941,3,2,3,3,4
3942,3,3,4,1,1
3943,3,5,2,2,4
3944,3,5,3,4,4
3945,3,4,4,2,1
3946,3,1,3,4,4
3947,3,4,3,1,4
3948,3,4,4,2,4
3949,3,5,2,5,4
3950,3,2,3,5,4
3951,3,4,1,3,4
3952,3,1,4,1,4
3953,3,3,4,4,4
3954,3,5,1,5,4
3955,3,2,1,1,4
3956,3,4,5,2,4
3957,3,3,2,4,4
3958,3,5,3,1,1
3959,3,5,4,5,4
3960,3,3,4,1,4
3961,3,2,5,2,4
3962,3,4,3,3,4
3963,3,4,1,5,4
3964,3,5,2,3,3
3965,3,4,1,2,4
3966,3,5,5,5,4
3967,3,5,3,4,4
3968,3,5,5,1,4
3969,3,4,5,2,3
3970,3,5,1,5,3
3971,3,3,3,2,4
3972,3,5,4,1,4
3973,3,3,2,1,3
3974,3,4,5,1,3
3975,3,1,4,3,4
3976,3,4,5,1,4
3977,3,1,5,4,4
3978,3,4,3,5,4
3979,3,3,5,2,4
3980,3,4,2,5,3
3981,3,1,2,4,4
3982,3,1,1,1,2
3983,3,4,3,1,3
3984,3,5,5,4,4
3985,3,5,4,2,4
3986,3,4,3,2,4
3987,3,5,4,1,3
3988,3,5,2,5,4
3989,3,2,1,1,4
3990,3,2,2,1,4
3991,3,2,3,2,4
3992,3,4,3,1,4
3993,3,3,4,4,4
3994,3,3,5,2,4
3995,3,4,5,2,3
3996,3,3,5,1,4
3997,3,2,4,1,2
3998,3,5,5,2,4
3999,3,5,4,2,3
4000,3,3,2,1,4
1001,3,2,5,5,4
1002,3,4,5,3,4
1003,3,2,5,2,4
1004,3,3,5,3,4
1005,3,2,4,5,4
1006,3,5,2,1,4
1007,3,2,1,5,4
1008,3,5,2,2,4
1009,3,2,5,1,4
1010,3,2,4,2,4
1011,3,1,2,3,4
1012,3,3,5,4,4
1013,3,5,4,3,4
1014,3,4,4,1,4
1015,3,1,1,3,4
1016,3,2,3,2,4
1017,3,4,1,3,4
1018,3,4,1,4,4
1019,3,1,3,5,4
1020,3,2,1,2,4
1021,3,5,1,4,4
1022,3,1,4,4,4
1023,3,4,4,3,4
1024,3,5,3,1,4
1025,3,4,1,4,4
1026,3,5,2,5,4
1027,3,2,3,5,4
1028,3,5,5,4,4
1029,3,3,5,4,4
1030,3,4,4,1,4
1031,3,5,3,2,4
1032,3,5,4,4,4
1033,3,3,1,3,4
1034,3,2,5,1,4
1035,3,1,5,5,4
1036,3,5,2,1,4
1037,3,5,1,4,4
1038,3,5,1,2,4
1039,3,2,4,5,4
1040,3,5,3,1,4
1041,3,3,1,4,4
1042,3,1,3,4,4
1043,3,1,1,3,4
1044,3,2,4,5,4
1045,3,1,4,1,4
1046,3,3,5,4,4
1047,3,4,2,3,4
1048,3,3,1,4,4
1049,3,3,5,2,4
1050,3,4,5,1,4
1051,3,2,4,5,4
1052,3,1,4,4,4
1053,3,2,1,4,4
1054,3,1,5,2,4
1055,3,3,4,1,4
1056,3,4,2,2,4
1057,3,3,2,5,4
1058,3,4,2,1,4
1059,3,4,3,3,4
1060,3,5,5,4,4
1061,3,3,3,1,4
1062,3,3,2,1,4
1063,3,5,2,4,4
1064,3,5,4,4,4
1065,3,5,3,4,4
1066,3,4,3,5,4
1067,3,3,2,5,4
1068,3,3,2,2,4
1069,3,3,1,2,4
1070,3,3,1,2,4
1071,3,1,2,2,4
1072,3,2,2,3,4
1073,3,4,4,2,4
1074,3,3,4,1,4
1075,3,1,2,3,4
1076,3,1,3,1,4
1077,3,5,2,4,4
1078,3,3,3,4,4
1079,3,2,2,1,4
1080,3,3,1,3,4
1081,3,1,3,3,4
1082,3,1,4,1,4
1083,3,5,5,3,4
1084,3,1,2,4,4
1085,3,5,5,3,4
1086,3,1,1,5,4
1087,3,1,5,2,4
1088,3,4,3,1,4
1089,3,3,1,5,4
1090,3,4,3,4,4
1091,3,2,4,3,4
1092,3,1,4,1,4
1093,3,3,1,4,4
1094,3,5,4,5,4
1095,3,1,2,1,4
1096,3,1,3,2,4
1097,3,1,2,5,4
1098,3,2,2,2,4
1099,3,1,5,5,4
1100,3,1,4,5,4
1101,3,1,1,3,4
1102,3,5,1,4,4
1103,3,5,3,1,4
1104,3,1,4,2,4
1105,3,1,4,1,4
1106,3,2,3,3,4
1107,3,4,5,1,4
1108,3,4,5,3,4
1109,3,4,5,4,4
1110,3,1,1,4,4
1111,3,4,1,1,4
1112,3,4,1,1,4
1113,3,3,3,5,4
1114,3,1,3,3,4
1115,3,4,1,3,4
1116,3,3,4,4,4
1117,3,4,5,1,4
1118,3,1,5,3,4
1119,3,4,4,5,4
1120,3,3,3,4,4
1121,3,1,1,4,4
1122,3,2,1,2,4
1123,3,2,3,1,4
1124,3,3,2,3,4
1125,3,4,3,4,4
1126,3,3,3,2,4
1127,3,5,1,3,4
1128,3,4,2,4,4
1129,3,1,1,1,4
1130,3,1,5,4,4
1131,3,4,4,4,4
1132,3,1,5,5,4
1133,3,1,2,4,4
1134,3,4,1,2,4
1135,3,5,4,4,4
1136,3,2,5,2,4
1137,3,3,3,5,4
1138,3,4,5,1,4
1139,3,2,4,2,4
1140,3,5,3,2,4
1141,3,5,5,2,4
1142,3,4,4,4,4
1143,3,2,4,2,4
1144,3,5,3,2,4
1145,3,3,3,4,4
1146,3,3,2,2,4
1147,3,1,3,5,4
1148,3,4,1,3,4
1149,3,3,2,5,4
1150,3,3,4,4,4
1151,3,5,3,1,4
1152,3,1,1,5,4
1153,3,3,4,2,4
1154,3,1,3,2,4
1155,3,2,3,1,4
1156,3,1,5,2,4
1157,3,1,4,2,4
1158,3,2,4,4,4
1159,3,1,2,4,4
1160,3,4,2,3,4
1161,3,3,4,4,4
1162,3,3,3,2,4
1163,3,1,2,3,4
1164,3,5,5,5,4
1165,3,3,3,1,4
1166,3,2,1,4,4
1167,3,2,3,4,4
1168,3,2,2,2,4
1169,3,1,3,2,4
1170,3,1,5,4,4
1171,3,4,1,4,4
1172,3,1,3,2,4
1173,3,5,5,2,4
1174,3,2,1,5,4
1175,3,2,1,2,4
1176,3,2,2,5,4
1177,3,2,2,5,4
1178,3,2,1,2,4
1179,3,3,5,1,4
1180,3,4,3,1,4
1181,3,5,5,4,4
1182,3,2,4,5,4
1183,3,4,5,5,4
1184,3,1,3,1,4
1185,3,1,2,4,4
1186,3,3,3,5,4
1187,3,4,1,1,4
1188,3,4,1,1,4
1189,3,5,5,3,4
1190,3,2,5,3,4
1191,3,4,4,4,4
1192,3,3,1,1,4
1193,3,5,2,3,4
1194,3,5,4,2,4
1195,3,5,3,2,4
1196,3,4,5,4,4
1197,3,3,5,4,4
1198,3,3,2,2,4
1199,3,3,3,3,4
1200,3,4,5,1,4
1201,3,2,4,4,4
1202,3,1,3,2,4
1203,3,3,5,3,4
1204,3,1,4,3,4
1205,3,2,1,2,4
1206,3,3,4,2,4
1207,3,2,1,2,4
1208,3,5,1,5,4
1209,3,1,3,1,4
1210,3,4,5,1,4
1211,3,3,3,1,4
1212,3,4,5,4,4
1213,3,1,2,4,4
1214,3,1,5,3,4
1215,3,2,1,5,4
1216,3,4,1,1,4
1217,3,5,5,1,4
1218,3,2,3,1,4
1219,3,2,2,2,4
1220,3,5,2,4,4
1221,3,5,5,3,4
1222,3,5,2,1,4
1223,3,4,1,4,4
1224,3,4,2,3,4
1225,3,1,2,4,4
1226,3,4,5,4,4
1227,3,1,2,2,4
1228,3,2,5,3,4
1229,3,4,2,5,4
1230,3,5,4,4,4
1231,3,2,2,1,4
1232,3,2,1,5,4
1233,3,5,5,3,4
1234,3,4,1,5,4
1235,3,5,5,3,4
1236,3,1,4,1,4
1237,3,4,3,1,4
1238,3,1,3,3,4
1239,3,4,5,5,4
1240,3,1,4,3,4
1241,3,4,4,3,4
1242,3,4,4,1,4
1243,3,5,2,3,4
1244,3,2,3,5,4
1245,3,3,5,5,4
1246,3,4,3,2,4
1247,3,2,4,5,4
1248,3,5,3,2,4
1249,3,2,4,2,4
1250,3,4,5,1,4
1251,3,5,5,3,4
1252,3,2,3,2,4
1253,3,2,4,2,4
1254,3,3,1,5,4
1255,3,3,1,1,4
1256,3,4,4,2,4
1257,3,2,1,1,4
1258,3,3,5,4,4
1259,3,1,3,4,4
1260,3,5,2,5,4
1261,3,2,5,4,4
1262,3,3,4,1,4
1263,3,4,5,3,4
1264,3,3,5,4,4
1265,3,4,2,5,4
1266,3,1,3,1,4
1267,3,4,1,5,4
1268,3,2,1,2,4
1269,3,1,2,4,4
1270,3,5,5,1,4
1271,3,3,1,5,4
1272,3,4,2,3,4
1273,3,1,4,2,4
1274,3,2,1,5,4
1275,3,2,5,3,4
1276,3,1,4,5,4
1277,3,4,3,3,4
1278,3,2,4,5,4
1279,3,3,3,5,4
1280,3,3,2,2,4
1281,3,4,2,1,4
1282,3,3,3,1,4
1283,3,2,1,2,4
1284,3,5,1,5,4
1285,3,3,2,2,4
1286,3,1,5,1,4
1287,3,3,5,2,4
1288,3,2,4,5,4
1289,3,5,3,1,4
1290,3,5,4,2,4
1291,3,5,4,5,4
1292,3,1,4,3,4
1293,3,2,3,2,4
1294,3,5,4,2,4
1295,3,3,3,3,4
1296,3,1,1,5,4
1297,3,2,4,4,4
1298,3,1,2,1,4
1299,3,1,2,2,4
1300,3,1,3,1,4
1301,3,1,4,2,4
1302,3,1,2,4,4
1303,3,5,3,5,4
1304,3,3,5,1,4
1305,3,2,5,2,4
1306,3,1,3,5,4
1307,3,1,5,1,4
1308,3,4,5,2,4
1309,3,1,1,3,4
1310,3,3,4,3,4
1311,3,5,2,3,4
1312,3,2,5,2,4
1313,3,5,4,1,4
1314,3,5,5,3,4
1315,3,5,1,1,4
1316,3,3,4,3,4
1317,3,4,2,2,4
1318,3,5,4,2,4
1319,3,4,2,5,4
1320,3,5,1,5,4
1321,3,1,5,5,4
1322,3,1,5,2,4
1323,3,5,1,5,4
1324,3,5,3,3,4
1325,3,1,5,3,4
1326,3,5,3,1,4
1327,3,5,3,4,4
1328,3,1,4,3,4
1329,3,3,2,5,4
1330,3,3,5,2,4
1331,3,3,2,5,4
1332,3,1,2,5,4
1333,3,3,4,5,4
1334,3,1,3,1,4
1335,3,4,5,5,4
1336,3,5,1,4,4
1337,3,3,3,4,4
1338,3,1,1,1,4
1339,3,1,3,2,4
1340,3,5,4,4,4
1341,3,1,3,4,4
1342,3,3,2,2,4
1343,3,1,2,3,4
1344,3,1,4,5,4
1345,3,2,4,4,4
1346,3,4,2,3,4
1347,3,4,3,1,4
1348,3,2,2,4,4
1349,3,1,2,3,4
1350,3,3,4,5,4
1351,3,4,1,5,4
1352,3,4,2,1,4
1353,3,5,1,5,4
1354,3,4,4,2,4
1355,3,2,2,3,4
1356,3,1,1,1,4
1357,3,1,4,3,4
1358,3,1,2,5,4
1359,3,4,5,1,4
1360,3,5,2,1,1
1361,3,1,3,2,3
1362,3,5,2,5,3
1363,3,5,2,2,1
1364,3,2,2,4,3
1365,3,5,1,2,3
1366,3,1,4,2,3
1367,3,1,4,3,3
1368,3,2,2,2,3
1369,3,2,4,3,3
1370,3,1,2,1,3
1371,3,1,1,2,3
1372,3,3,1,4,3
1373,3,1,2,5,3
1374,3,5,5,4,3
1375,3,1,3,2,3
1376,3,4,3,5,3
1377,3,5,5,4,3
1378,3,1,4,5,1
1379,3,5,2,5,3
1380,3,1,1,2,3
1381,3,2,2,1,1
1382,3,2,1,1,3
1383,3,4,1,5,3
1384,3,2,3,4,1
1385,3,3,1,3,1
1386,3,2,4,5,3
1387,3,5,1,2,1
1388,3,5,2,4,3
1389,3,4,4,3,3
1390,3,2,3,4,3
1391,3,4,1,1,2
1392,3,4,4,3,3
1393,3,4,4,4,3
1394,3,1,2,2,3
1395,3,4,1,2,3
1396,3,2,1,3,3
1397,3,3,2,3,3
1398,3,1,1,1,2
1399,3,1,4,4,2
1400,3,2,3,3,3
1401,3,2,5,3,3
1402,3,2,4,4,3
1403,3,1,3,2,3
1404,3,1,2,2,3
1405,3,3,3,3,3
1406,3,4,1,5,3
1407,3,3,3,1,3
1408,3,3,3,3,3
1409,3,2,2,1,3
1410,3,2,2,4,3
1411,3,5,4,5,3
1412,3,4,3,5,3
1413,3,4,3,2,2
1414,3,1,4,4,3
1415,3,2,2,1,3
1416,3,5,4,3,3
1417,3,3,5,2,3
1418,3,2,1,3,2
1419,3,4,2,1,3
1420,3,1,2,4,3
1421,3,3,5,5,3
1422,3,1,5,2,2
1423,3,2,5,5,2
1424,3,4,4,5,2
1425,3,2,3,1,2
1426,3,4,5,5,3
1427,3,1,2,3,2
1428,3,3,5,2,3
1429,3,1,4,3,3
1430,3,2,2,2,2
1431,3,2,1,1,3
1432,3,4,3,4,3
1433,3,5,1,3,2
1434,3,1,2,3,3
1435,3,4,2,3,3
1436,3,1,2,2,2
1437,3,4,5,5,3
1438,3,1,4,1,3
1439,3,3,1,3,2
1440,3,3,1,4,2
1441,3,1,1,5,2
1442,3,2,4,2,2
1443,3,5,2,3,2
1444,3,5,5,3,2
1445,3,2,2,4,3
1446,3,1,1,5,3
1447,3,4,4,1,3
1448,3,1,1,3,2
1449,3,4,2,2,2
1450,3,5,1,2,2
1451,3,4,3,4,2
1452,3,4,4,5,2
1453,3,1,5,1,2
1454,3,2,2,1,2
1455,3,2,2,4,2
1456,3,2,1,5,3
1457,3,2,1,1,3
1458,3,2,2,4,3
1459,3,5,2,5,3
1460,3,2,3,1,3
1461,3,1,1,2,3
1462,3,4,5,5,3
1463,3,5,4,5,3
1464,3,2,5,1,3
1465,3,1,1,3,3
1466,3,1,4,5,3
1467,3,3,4,2,4
1468,3,3,1,3,3
1469,3,4,2,4,3
1470,3,1,4,1,3
1471,3,3,4,2,3
1472,3,2,4,1,3
1473,3,5,2,1,3
1474,3,2,1,3,3
1475,3,2,3,3,3
1476,3,1,4,1,1
1477,3,5,5,3,3
1478,3,1,1,3,3
1479,3,3,4,2,3
1480,3,5,1,4,2
1481,3,3,5,3,3
1482,3,1,1,1,3
1483,3,3,5,4,3
1484,3,5,2,1,3
1485,3,1,2,1,3
1486,3,5,5,2,4
1487,3,4,4,2,4
1488,3,2,2,4,4
1489,3,3,5,2,4
1490,3,2,3,4,2
1491,3,1,3,3,3
1492,3,4,5,2,3
1493,3,2,2,4,4
1494,3,5,5,5,4
1495,3,3,3,4,4
1496,3,2,3,3,4
1497,3,5,4,5,2
1498,3,1,5,3,3
1499,3,4,2,3,4
1500,3,1,4,4,4
1501,3,5,4,4,4
1502,3,5,3,5,4
1503,3,2,2,4,4
1504,3,5,3,2,2
1505,3,2,5,4,3
1506,3,2,3,2,3
1507,3,1,2,1,4
1508,3,4,3,2,4
1509,3,5,1,3,4
1510,3,2,3,3,4
1511,3,2,3,2,4
1512,3,4,5,2,4
1513,3,5,3,5,4
1514,3,1,3,2,4
1515,3,2,3,1,4
1516,3,1,5,3,4
1517,3,4,5,3,4
1518,3,4,4,2,4
1519,3,1,3,1,4
1520,3,2,2,5,4
1521,3,4,1,3,2
1522,3,3,4,5,4
1523,3,4,4,3,4
1524,3,4,1,2,4
1525,3,2,4,1,2
1526,3,2,3,3,4
1527,3,1,1,3,4
1528,3,5,5,2,4
1529,3,3,1,3,4
1530,3,1,2,3,4
1531,3,5,5,3,4
1532,3,5,2,2,4
1533,3,1,3,2,4
1534,3,1,1,5,4
1535,3,4,2,1,4
1536,3,5,3,5,4
1537,3,5,2,4,4
1538,3,2,4,5,4
1539,3,4,4,5,4
1540,3,2,4,2,4
1541,3,1,4,1,4
1542,3,5,4,4,4
1543,3,4,1,1,4
1544,3,5,1,5,4
1545,3,2,4,2,4
1546,3,3,1,5,4
1547,3,4,4,4,4
1548,3,1,4,4,2
1549,3,2,3,1,4
1550,3,2,3,3,4
1551,3,4,4,2,4
1552,3,3,2,4,4
1553,3,3,1,5,4
1554,3,1,3,3,4
1555,3,5,1,2,4
1556,3,4,5,2,4
1557,3,4,1,2,4
1558,3,3,5,2,4
1559,3,3,1,3,4
1560,3,1,2,4,4
1561,3,5,1,3,4
1562,3,3,2,1,4
1563,3,1,4,3,4
1564,3,4,1,4,3
1565,3,5,4,5,4
1566,3,1,4,1,3
1567,3,4,2,4,4
1568,3,1,2,3,4
1569,3,1,3,1,4
1570,3,1,4,5,4
1571,3,3,2,4,3
1572,3,2,4,3,4
1573,3,1,1,3,4
1574,3,4,3,2,4
1575,3,2,3,2,4
1576,3,5,2,3,2
1577,3,5,2,1,4
1578,3,5,5,1,2
1579,3,1,3,1,4
1580,3,1,1,5,2
1581,3,1,3,5,4
1582,3,2,1,5,2
1583,3,3,3,3,4
1584,3,4,1,4,4
1585,3,5,4,4,4
1586,3,3,3,4,4
1587,3,4,5,3,4
1588,3,1,5,5,4
1589,3,2,1,1,4
1590,3,5,1,3,4
1591,3,4,3,1,4
1592,3,1,1,4,3
1593,3,1,4,1,3
1594,3,1,1,4,3
1595,3,3,4,3,3
1596,3,4,4,1,3
1597,3,2,1,4,3
1598,3,2,5,5,2
1599,3,4,5,2,3
1600,3,5,3,2,3
1601,3,4,2,5,3
1602,3,2,1,3,3
1603,3,2,5,1,3
1604,3,1,5,1,3
1605,3,2,3,3,3
1606,3,5,4,3,3
1607,3,3,5,5,2
1608,3,2,4,3,1
1609,3,5,5,4,1
1610,3,4,5,5,2
1611,3,1,2,2,2
1612,3,5,5,3,2
1613,3,4,2,1,3
1614,3,1,4,2,2
1615,3,1,1,3,3
1616,3,3,4,1,2
1617,3,5,1,2,2
1618,3,2,5,4,2
1619,3,4,2,2,2
1620,3,5,3,2,2
1621,3,4,1,3,2
1622,3,1,5,5,2
1623,3,1,2,2,2
1624,3,5,1,3,2
1625,3,5,2,2,3
1626,3,3,4,5,2
1627,3,4,4,1,3
1628,3,4,4,2,2
1629,3,1,2,4,4
1630,3,4,3,2,4
1631,3,2,4,1,4
1632,3,5,4,4,4
1633,3,4,3,2,4
1634,3,2,3,1,4
1635,3,4,4,2,4
1636,3,4,5,2,4
1637,3,4,1,2,4
1638,3,2,4,5,4
1639,3,1,2,1,4
1640,3,2,4,1,4
1641,3,5,4,4,4
1642,3,3,2,2,4
1643,3,5,3,4,4
1644,3,3,1,1,4
1645,3,5,5,5,4
1646,3,2,2,1,4
1647,3,4,2,5,4
1648,3,4,4,5,4
1649,3,3,1,2,4
1650,3,5,1,3,4
1651,3,4,4,4,4
1652,3,1,4,4,4
1653,3,2,4,5,4
1654,3,2,3,3,4
1655,3,3,1,2,4
1656,3,1,4,5,4
1657,3,1,5,1,4
1658,3,2,1,2,4
1659,3,4,5,5,4
1660,3,5,5,1,4
1661,3,5,4,4,4
1662,3,2,4,5,4
1663,3,4,2,4,4
1664,3,2,1,1,4
1665,3,4,2,3,4
1666,3,3,3,4,4
1667,3,1,3,5,4
1668,3,2,1,3,4
1669,3,3,1,2,4
1670,3,2,2,2,4
1671,3,5,3,5,4
1672,3,1,3,4,4
1673,3,3,5,5,4
1674,3,1,5,5,4
1675,3,4,1,4,4
1676,3,2,5,1,4
1677,3,5,4,5,4
1678,3,2,1,1,4
1679,3,5,4,3,4
1680,3,5,4,5,4
1681,3,2,3,4,4
1682,3,5,3,4,4
1683,3,2,4,4,4
1684,3,2,4,3,4
1685,3,1,4,2,4
1686,3,2,4,2,4
1687,3,3,4,5,4
1688,3,1,4,5,4
1689,3,5,3,5,4
1690,3,3,1,5,4
1691,3,3,1,2,4
1692,3,2,2,1,4
1693,3,3,5,1,4
1694,3,3,5,3,4
1695,3,3,3,3,4
1696,3,4,4,1,4
1697,3,1,5,2,4
1698,3,3,5,4,4
1699,3,2,4,3,4
1700,3,5,2,4,4
1701,3,5,3,2,4
1702,3,4,1,2,4
1703,3,1,1,4,4
1704,3,4,4,3,4
1705,3,4,4,1,4
1706,3,3,2,5,4
1707,3,5,4,3,4
1708,3,4,5,4,4
1709,3,5,4,2,4
1710,3,1,2,3,4
1711,3,5,1,4,4
1712,3,3,2,3,4
1713,3,4,4,5,4
1714,3,1,2,3,4
1715,3,2,2,5,4
1716,3,2,1,1,4
1717,3,4,2,5,4
1718,3,5,4,5,4
1719,3,2,3,1,4
1720,3,4,3,2,4
1721,3,5,4,4,4
1722,3,2,2,4,4
1723,3,5,1,5,4
1724,3,4,2,2,4
1725,3,2,4,5,4
1726,3,3,5,3,4
1727,3,4,2,4,4
1728,3,1,4,2,4
1729,3,1,1,2,4
1730,3,2,4,4,4
1731,3,1,4,1,4
1732,3,1,5,4,4
1733,3,4,5,3,4
1734,3,4,1,4,4
1735,3,4,4,5,4
1736,3,3,1,3,4
1737,3,4,5,2,4
1738,3,4,1,2,4
1739,3,2,5,1,4
1740,3,5,4,4,4
1741,3,3,4,2,4
1742,3,5,5,3,4
1743,3,4,1,5,4
1744,3,2,1,4,4
1745,3,4,4,3,4
1746,3,4,3,4,4
1747,3,1,4,4,4
1748,3,3,2,4,4
1749,3,1,4,5,4
1750,3,1,2,5,4
1751,3,4,4,1,4
1752,3,2,1,2,4
1753,3,5,3,3,4
1754,3,5,5,1,4
1755,3,4,1,1,4
1756,3,2,4,4,4
1757,3,5,4,5,4
1758,3,5,3,5,4
1759,3,5,2,4,4
1760,3,5,3,2,4
1761,3,3,2,1,4
1762,3,3,3,5,4
1763,3,4,2,4,4
1764,3,2,3,5,4
1765,3,5,5,2,4
1766,3,1,5,2,4
1767,3,4,1,1,4
1768,3,3,3,3,4
1769,3,4,3,5,4
1770,3,1,3,5,4
1771,3,3,2,1,4
1772,3,3,4,5,4
1773,3,5,5,2,4
1774,3,1,1,2,4
1775,3,4,2,3,4
1776,3,3,2,3,4
1777,3,1,3,1,4
1778,3,3,5,4,4
1779,3,5,3,4,4
1780,3,2,3,2,4
1781,3,2,2,4,4
1782,3,3,4,1,4
1783,3,5,2,4,4
1784,3,2,3,1,4
1785,3,4,4,5,4
1786,3,4,2,1,4
1787,3,2,5,3,4
1788,3,2,5,1,4
1789,3,4,3,1,4
1790,3,4,5,4,4
1791,3,4,5,3,4
1792,3,2,3,5,4
1793,3,1,1,2,4
1794,3,4,4,2,4
1795,3,5,1,4,4
1796,3,3,5,2,4
1797,3,3,3,5,4
1798,3,3,2,4,4
1799,3,2,5,3,4
1800,3,4,3,5,4
1801,3,3,4,3,4
1802,3,4,2,5,4
1803,3,1,3,1,4
1804,3,3,3,5,4
1805,3,3,3,1,4
1806,3,1,2,5,4
1807,3,1,4,4,4
1808,3,5,2,4,4
1809,3,5,2,1,4
1810,3,5,1,4,4
1811,3,2,5,1,4
1812,3,4,2,5,4
1813,3,3,5,3,4
1814,3,3,3,1,4
1815,3,1,4,5,4
1816,3,4,3,1,4
1817,3,3,1,5,4
1818,3,3,1,3,4
1819,3,3,1,1,4
1820,3,5,4,3,4
1821,3,1,2,1,4
1822,3,5,2,2,4
1823,3,4,4,3,4
1824,3,3,1,1,4
1825,3,1,3,3,4
1826,3,3,2,5,3
1827,3,1,3,5,2
1828,3,3,3,2,3
1829,3,2,1,2,3
1830,3,1,4,1,2
1831,3,2,2,2,2
1832,3,1,2,4,2
1833,3,4,3,2,2
1834,3,4,5,1,2
1835,3,5,2,2,2
1836,3,1,4,3,2
1837,3,1,3,3,2
1838,3,2,1,1,3
1839,3,3,3,3,3
1840,3,5,1,4,3
1841,3,3,5,3,3
1842,3,1,4,4,3
1843,3,1,5,4,2
1844,3,2,1,4,3
1845,3,1,2,5,2
1846,3,5,4,1,2
1847,3,5,2,3,2
1848,3,2,4,5,1
1849,3,2,4,4,1
1850,3,3,1,2,1
1851,3,1,1,4,1
1852,3,3,4,1,1
1853,3,4,3,5,1
1854,3,1,2,5,1
1855,3,3,3,3,3
1856,3,2,3,3,3
1857,3,1,4,1,3
1858,3,2,4,1,3
1859,3,4,2,5,3
1860,3,1,4,3,3
1861,3,1,2,4,3
1862,3,5,4,4,3
1863,3,5,2,2,3
1864,3,3,2,1,3
1865,3,1,3,4,3
1866,3,3,5,2,3
1867,3,1,5,2,2
1868,3,5,3,3,2
1869,3,1,2,3,3
1870,3,2,5,3,4
1871,3,1,4,3,4
1872,3,1,2,5,4
1873,3,5,2,3,4
1874,3,2,4,4,4
1875,3,3,1,4,4
1876,3,4,2,1,4
1877,3,2,3,2,4
1878,3,5,3,3,4
1879,3,2,3,4,4
1880,3,5,1,2,4
1881,3,3,5,3,4
1882,3,1,4,2,4
1883,3,3,4,2,4
1884,3,1,3,3,4
1885,3,1,2,4,4
1886,3,3,2,5,4
1887,3,2,3,3,4
1888,3,1,5,1,4
1889,3,5,4,4,4
1890,3,1,3,2,4
1891,3,2,5,2,4
1892,3,3,3,3,4
1893,3,2,3,4,4
1894,3,3,1,5,4
1895,3,4,5,2,4
1896,3,1,1,3,4
1897,3,2,4,5,4
1898,3,4,5,5,4
1899,3,2,4,5,4
1900,3,2,2,5,4
1901,3,4,1,5,4
1902,3,2,5,3,4
1903,3,5,5,2,4
1904,3,5,1,4,4
1905,3,5,2,1,4
1906,3,1,4,5,4
1907,3,2,4,5,4
1908,3,4,2,5,4
1909,3,3,5,2,4
1910,3,1,4,1,4
1911,3,3,4,3,4
1912,3,2,5,1,4
1913,3,5,4,2,4
1914,3,4,4,5,4
1915,3,2,3,5,4
1916,3,3,4,3,4
1917,3,5,2,3,4
1918,3,3,5,5,4
1919,3,2,3,3,4
1920,3,2,5,3,4
1921,3,3,2,5,4
1922,3,1,1,3,4
1923,3,3,4,4,4
1924,3,3,5,1,4
1925,3,1,5,3,4
1926,3,3,4,2,4
1927,3,3,2,1,4
1928,3,4,5,5,4
1929,3,4,1,3,4
1930,3,3,3,4,4
1931,3,2,3,4,4
1932,3,5,5,2,4
1933,3,2,4,5,4
1934,3,2,5,2,4
1935,3,5,1,4,4
1936,3,3,3,5,4
1937,3,4,5,4,4
1938,3,1,4,3,4
1939,3,4,5,3,4
1940,3,3,4,5,4
1941,3,3,5,4,4
1942,3,2,4,2,4
1943,3,5,5,4,4
1944,3,1,4,1,4
1945,3,1,3,4,4
1946,3,3,5,1,4
1947,3,1,3,3,4
1948,3,2,1,5,4
1949,3,5,3,4,4
1950,3,3,2,1,4
1951,3,4,1,3,4
1952,3,2,5,2,4
1953,3,4,5,4,4
1954,3,1,1,5,4
1955,3,2,3,4,4
1956,3,1,5,4,4
1957,3,5,2,2,4
1958,3,4,2,5,4
1959,3,5,3,4,4
1960,3,3,4,1,4
1961,3,2,3,1,4
1962,3,2,4,1,4
1963,3,2,5,3,4
1964,3,5,5,5,4
1965,3,3,1,1,4
1966,3,4,3,2,4
1967,3,4,2,4,4
1968,3,1,4,2,4
1969,3,4,3,3,4
1970,3,5,4,4,4
1971,3,3,2,1,4
1972,3,2,2,3,4
1973,3,4,2,3,4
1974,3,4,1,3,4
1975,3,4,4,3,4
1976,3,1,5,1,4
1977,3,2,5,4,4
1978,3,3,5,1,4
1979,3,1,4,5,4
1980,3,5,4,5,4
1981,3,5,4,3,4
1982,3,3,5,5,4
1983,3,2,5,1,4
1984,3,5,2,2,4
1985,3,5,5,2,4
1986,3,1,4,2,4
1987,3,5,1,3,4
1988,3,1,3,5,4
1989,3,4,2,5,4
1990,3,3,1,1,4
1991,3,2,1,3,4
1992,3,4,3,3,4
1993,3,5,2,4,4
1994,3,5,5,1,4
1995,3,4,3,1,4
1996,3,3,5,2,4
1997,3,3,3,2,4
1998,3,2,4,3,4
1999,3,3,2,2,4
2000,3,1,3,3,4
2001,3,5,3,5,4
2002,3,1,4,2,4
2003,3,5,5,1,4
2004,3,3,3,4,4
2005,3,2,1,2,4
2006,3,5,5,2,4
2007,3,4,1,5,4
2008,3,1,2,2,4
2009,3,5,2,2,4
2010,3,4,4,4,4
2011,3,3,2,2,4
2012,3,2,3,2,4
2013,3,4,5,4,4
2014,3,2,5,4,4
2015,3,4,3,1,4
2016,3,1,3,5,4
2017,3,2,5,4,4
2018,3,5,2,1,4
2019,3,2,1,4,4
2020,3,2,1,4,4
2021,3,1,3,4,4
2022,3,5,3,5,4
2023,3,3,4,4,4
2024,3,2,1,5,4
2025,3,1,2,4,4
2026,3,2,4,4,4
2027,3,3,1,3,4
2028,3,4,4,4,4
2029,3,2,5,1,4
2030,3,4,1,5,4
2031,3,1,3,1,4
2032,3,5,2,4,4
2033,3,4,1,5,4
2034,3,2,4,1,4
2035,3,4,2,3,4
2036,3,4,3,4,4
2037,3,2,5,4,4
2038,3,5,3,2,4
2039,3,5,2,2,4
2040,3,1,2,5,4
2041,3,1,1,5,4
2042,3,5,2,1,4
2043,3,1,3,3,4
2044,3,5,1,5,4
2045,3,3,1,4,4
2046,3,2,2,4,4
2047,3,3,5,3,4
2048,3,2,5,4,4
2049,3,3,1,3,4
2050,3,5,4,5,4
2051,3,5,2,4,4
2052,3,1,4,4,4
2053,3,5,3,1,4
2054,3,4,5,3,4
2055,3,5,4,2,4
2056,3,3,4,1,4
2057,3,4,1,3,4
2058,3,5,5,4,4
2059,3,4,4,5,4
2060,3,5,5,5,4
2061,3,2,4,3,4
2062,3,4,1,2,4
2063,3,4,5,3,4
2064,3,1,3,5,4
2065,3,5,4,4,4
2066,3,1,5,1,4
2067,3,5,2,1,4
2068,3,4,3,5,4
2069,3,3,1,5,4
2070,3,3,4,5,4
2071,3,2,1,5,4
2072,3,5,4,1,4
2073,3,1,2,2,4
2074,3,3,2,4,4
2075,3,4,5,2,4
2076,3,5,5,1,4
2077,3,4,1,1,4
2078,3,5,5,2,4
2079,3,4,2,3,4
2080,3,4,1,4,4
2081,3,1,1,4,4
2082,3,4,2,4,4
2083,3,2,2,4,4
2084,3,3,2,2,4
2085,3,3,4,4,4
2086,3,5,4,3,4
2087,3,4,4,1,4
2088,3,2,1,2,4
2089,3,5,3,3,4
2090,3,3,4,3,4
2091,3,3,1,1,4
2092,3,1,2,3,4
2093,3,2,3,1,4
2094,3,2,5,5,4
2095,3,5,3,1,4
2096,3,3,4,4,4
2097,2,2,1,4,1
2098,5,2,4,1,1
2099,4,1,4,5,1
2100,4,1,1,1,3
2101,5,4,4,2,1
2102,2,1,1,3,3
2103,5,1,4,5,3
2104,2,1,4,3,3
2105,4,3,4,2,2
2106,2,5,5,1,3
2107,1,4,1,1,3
2108,2,1,2,4,2
2109,5,3,3,5,3
2110,4,1,4,2,3
2111,5,2,3,1,2
2112,4,4,3,1,3
2113,2,5,1,5,3
2114,4,5,4,1,3
2115,2,5,2,1,3
2116,4,1,4,2,2
2117,2,2,3,2,3
2118,5,3,2,4,3
2119,5,1,2,3,3
2120,2,4,4,1,2
2121,5,4,1,3,3
2122,5,3,3,2,2
2123,2,3,5,3,3
2124,2,4,1,5,3
2125,4,4,5,3,3
2126,1,3,4,4,1
2127,4,2,2,3,2
2128,2,1,3,1,2
2129,2,5,5,2,2
2130,1,3,5,2,2
2131,4,1,2,1,2
2132,2,2,3,3,2
2133,1,2,3,2,1
2134,2,4,2,5,3
2135,2,2,2,4,3
2136,1,2,2,2,3
2137,5,1,3,3,3
2138,2,1,5,2,3
2139,2,1,4,4,3
2140,2,4,5,4,3
2141,2,2,3,3,3
2142,2,2,5,1,3
2143,1,2,1,1,3
2144,2,2,5,4,3
2145,1,3,3,5,3
2146,2,3,1,1,3
2147,4,2,1,2,3
2148,5,1,1,2,3
2149,5,5,3,5,3
2150,5,2,1,1,3
2151,1,4,4,4,3
2152,2,3,1,4,3
2153,4,3,5,3,3
2154,4,1,3,2,3
2155,4,1,2,4,3
2156,3,5,1,3,3
2157,4,4,2,5,3
2158,3,2,4,3,3
2159,5,1,1,1,3
2160,3,1,1,5,3
2161,3,1,4,3,3
2162,3,3,5,4,3
2163,1,5,5,4,3
2164,3,3,1,3,3
2165,3,5,3,3,3
2166,3,2,2,1,3
2167,3,2,4,2,3
2168,3,5,1,4,3
2169,3,5,2,4,3
2170,3,1,5,2,3
2171,3,1,3,2,3
2172,3,2,4,1,3
2173,3,1,4,3,3
2174,3,1,1,5,3
2175,2,1,3,3,3
2176,2,2,1,1,3
2177,4,4,2,1,1
2178,4,4,1,5,1
2179,4,1,3,1,1
2180,5,4,4,4,1
2181,5,2,1,4,1
2182,4,1,1,2,3
2183,5,4,4,2,3
2184,2,2,4,4,3
2185,5,4,5,5,3
2186,1,4,1,1,3
2187,5,2,1,5,3
2188,2,5,4,2,3
2189,5,1,2,4,2
2190,5,5,2,3,2
2191,5,2,2,3,2
2192,1,5,3,4,2
2193,4,2,2,3,2
2194,2,1,4,1,2
2195,2,1,5,1,2
2196,5,5,2,3,2
2197,4,2,3,1,2
2198,1,2,4,2,3
2199,4,4,3,4,3
2200,4,3,1,5,3
2201,2,5,1,5,3
2202,4,5,4,5,3
2203,1,1,4,1,3
2204,2,5,2,3,2
2205,4,2,3,5,2
2206,5,2,4,3,2
2207,5,3,3,1,2
2208,5,5,3,3,2
2209,5,2,2,5,2
2210,4,1,5,3,3
2211,5,1,5,3,3
2212,1,4,1,5,3
2213,5,1,4,2,3
2214,4,1,1,5,3
2215,1,1,5,5,3
2216,1,4,5,2,3
2217,4,2,1,2,3
2218,4,4,1,5,3
2219,5,5,2,2,3
2220,4,3,3,5,3
2221,4,1,5,1,3
2222,4,2,3,5,3
2223,2,1,1,4,3
2224,4,2,1,3,3
2225,2,1,2,2,3
2226,1,4,4,5,3
2227,5,2,3,4,2
2228,4,3,2,2,1
2229,4,3,1,1,1
2230,2,1,5,5,4
2231,2,1,2,2,4
2232,5,4,5,2,4
2233,1,5,1,1,4
2234,2,1,1,4,4
2235,1,3,5,3,4
2236,1,2,1,2,4
2237,2,2,5,2,4
2238,2,4,4,3,4
2239,5,1,3,4,4
2240,2,2,4,5,4
2241,2,4,4,4,4
2242,4,3,2,4,4
2243,4,1,3,5,4
2244,4,4,2,1,4
2245,5,2,4,4,4
2246,4,3,4,5,4
2247,2,3,4,4,4
2248,2,1,5,5,4
2249,4,3,5,5,4
2250,5,4,2,1,4
2251,2,4,4,4,4
2252,4,1,3,3,4
2253,1,5,1,2,4
2254,2,3,2,5,4
2255,2,1,4,4,4
2256,5,5,5,4,4
2257,2,4,3,5,4
2258,2,2,5,4,4
2259,1,1,2,5,4
2260,1,3,1,4,4
2261,2,2,1,5,4
2262,2,4,4,3,4
2263,2,3,1,4,4
2264,5,1,2,3,4
2265,1,2,4,2,4
2266,5,5,3,2,4
2267,4,1,3,3,4
2268,2,2,3,2,4
2269,1,5,5,1,4
2270,4,4,4,3,4
2271,2,5,4,4,4
2272,2,5,5,3,4
2273,4,5,2,3,4
2274,4,2,5,1,4
2275,2,5,4,3,4
2276,1,5,2,2,4
2277,5,3,4,4,4
2278,4,5,4,2,4
2279,1,2,5,1,4
2280,4,4,2,5,4
2281,4,1,4,2,4
2282,4,1,5,3,4
2283,4,4,2,1,4
2284,2,1,4,4,4
2285,5,4,3,3,4
2286,2,4,4,4,4
2287,2,4,4,2,4
2288,5,5,1,4,4
2289,4,2,5,3,4
2290,2,4,1,3,4
2291,4,3,4,1,4
2292,2,5,1,1,4
2293,2,5,3,1,4
2294,4,4,4,4,4
2295,5,3,5,4,4
2296,1,4,4,5,4
2297,2,5,4,1,4
2298,4,3,2,1,4
2299,2,2,1,2,4
2300,5,5,1,2,4
2301,1,3,1,4,4
2302,4,2,5,3,4
2303,5,5,5,1,4
2304,2,5,1,2,4
2305,2,4,5,5,4
2306,1,3,4,3,4
2307,2,5,2,3,4
2308,5,1,2,3,4
2309,2,2,5,5,4
2310,5,4,1,3,4
2311,2,5,3,2,4
2312,4,1,4,3,4
2313,2,5,2,3,4
2314,1,4,1,3,4
2315,4,4,3,2,4
2316,2,4,2,5,4
2317,1,2,2,1,4
2318,2,2,1,5,4
2319,5,5,4,3,4
2320,4,5,1,3,4
2321,2,4,2,5,4
2322,5,4,3,4,4
2323,5,2,1,3,4
2324,4,1,2,4,4
2325,1,4,4,1,4
2326,2,3,1,4,4
2327,4,4,1,2,4
2328,4,1,4,3,4
2329,2,2,3,1,4
2330,2,3,4,5,4
2331,1,2,5,3,4
2332,4,1,1,1,4
2333,1,5,4,2,4
2334,4,3,3,5,4
2335,4,1,5,5,4
2336,4,5,1,5,4
2337,4,1,4,3,4
2338,4,2,3,5,4
2339,1,3,1,5,4
2340,5,4,5,3,4
2341,2,1,5,2,4
2342,5,1,4,3,4
2343,4,1,3,4,4
2344,1,2,5,5,4
2345,2,2,1,5,4
2346,4,5,3,1,4
2347,1,2,3,2,4
2348,1,4,4,2,4
2349,4,5,5,1,4
2350,2,1,4,5,4
2351,4,3,3,5,4
2352,2,2,3,3,4
2353,2,2,4,3,4
2354,2,5,1,1,4
2355,1,1,1,4,4
2356,4,4,1,1,4
2357,1,1,2,3,4
2358,4,5,3,3,4
2359,2,4,4,3,4
2360,1,4,4,3,4
2361,2,4,4,2,4
2362,2,5,4,5,4
2363,2,2,5,1,4
2364,5,4,2,4,4
2365,1,1,1,1,4
2366,2,4,2,5,4
2367,5,3,2,5,4
2368,1,5,2,1,4
2369,5,5,2,4,4
2370,5,1,2,4,4
2371,1,2,1,5,4
2372,2,3,4,5,4
2373,2,3,5,5,4
2374,2,1,2,1,4
2375,1,2,4,2,4
2376,4,5,2,4,4
2377,4,1,2,1,4
2378,2,2,5,3,4
2379,2,2,5,1,4
2380,2,2,1,3,4
2381,2,2,3,3,4
2382,1,4,3,4,4
2383,4,5,3,5,4
2384,5,2,2,2,4
2385,2,2,1,3,4
2386,1,1,4,3,4
2387,1,1,2,5,4
2388,2,5,2,4,4
2389,2,1,4,2,4
2390,1,1,5,4,4
2391,1,3,3,3,4
2392,1,4,3,2,4
2393,5,3,2,2,4
2394,2,4,1,1,4
2395,1,1,1,4,4
2396,1,3,4,2,4
2397,2,2,5,2,4
2398,5,4,3,3,4
2399,4,1,4,2,4
2400,2,4,4,3,4
2401,5,1,1,3,4
2402,2,3,2,2,4
2403,4,3,3,3,4
2404,2,3,3,1,4
2405,4,4,1,2,4
2406,1,1,4,4,4
2407,4,3,5,5,4
2408,5,2,5,5,4
2409,4,3,3,3,4
2410,2,4,4,1,4
2411,2,2,3,3,4
2412,2,5,4,5,4
2413,4,4,2,2,4
2414,2,1,1,5,4
2415,4,1,2,5,4
2416,2,4,5,1,4
2417,4,2,3,4,4
2418,1,3,2,5,4
2419,2,2,2,1,4
2420,5,4,3,1,4
2421,2,1,3,5,4
2422,2,5,4,5,4
2423,1,3,3,5,4
2424,2,2,1,4,4
2425,2,2,2,2,4
2426,2,5,5,3,4
2427,5,2,2,1,4
2428,4,2,5,5,4
2429,4,3,4,2,4
2430,2,2,1,1,4
2431,4,4,2,5,4
2432,2,1,1,2,4
2433,1,1,5,3,4
2434,5,5,2,5,4
2435,2,1,3,2,4
2436,4,1,3,3,4
2437,2,3,5,2,4
2438,5,4,1,4,4
2439,5,4,3,5,4
2440,1,2,5,2,4
2441,2,2,4,2,4
2442,1,2,1,5,4
2443,1,4,3,5,4
2444,4,1,1,5,4
2445,2,3,4,5,4
2446,5,1,2,5,4
2447,4,5,3,4,4
2448,4,2,2,5,4
2449,4,4,5,3,4
2450,1,5,3,2,4
2451,5,5,3,1,4
2452,2,3,3,1,4
2453,1,3,3,3,4
2454,5,1,4,3,4
2455,2,3,3,1,4
2456,5,4,5,3,4
2457,2,3,2,3,4
2458,2,5,3,1,4
2459,4,5,5,5,4
2460,2,3,4,2,4
2461,5,3,2,4,4
2462,2,4,1,2,4
2463,4,3,5,5,4
2464,2,2,3,2,4
2465,2,3,3,1,4
2466,2,2,4,1,4
2467,5,1,1,4,4
2468,5,5,4,3,4
2469,4,2,1,5,4
2470,5,5,5,2,4
2471,2,5,5,3,4
2472,2,5,2,3,4
2473,4,4,4,3,4
2474,4,4,5,2,4
2475,4,1,4,1,4
2476,2,3,5,5,4
2477,2,4,4,3,4
2478,5,4,4,1,4
2479,4,2,1,2,4
2480,2,3,2,3,4
2481,1,2,5,1,4
2482,4,4,2,5,4
2483,2,5,1,3,4
2484,4,1,2,2,4
2485,4,3,5,5,4
2486,5,1,1,5,4
2487,4,1,1,4,4
2488,1,2,4,5,4
2489,5,1,3,2,4
2490,4,2,2,4,4
2491,1,4,5,2,4
2492,2,3,2,5,4
2493,4,1,3,1,4
2494,4,1,1,1,4
2495,1,5,1,2,4
2496,2,2,3,3,4
2497,4,5,2,5,4
2498,4,5,3,5,4
2499,4,5,5,3,4
2500,2,1,3,5,4
2501,2,1,5,3,4
2502,2,3,3,5,4
2503,5,1,1,1,4
2504,4,1,5,3,4
2505,1,3,2,3,4
2506,5,3,3,2,4
2507,5,2,3,4,4
2508,5,1,4,1,4
2509,2,1,2,3,4
2510,1,2,2,2,4
2511,4,4,3,1,4
2512,4,1,4,2,4
2513,2,5,2,4,4
2514,1,5,2,2,4
2515,4,1,1,1,4
2516,5,5,1,5,4
2517,2,5,5,1,4
2518,4,4,2,1,4
2519,4,3,5,5,4
2520,1,2,1,1,4
2521,1,4,4,4,4
2522,4,3,3,2,4
2523,5,1,1,3,4
2524,1,3,3,4,4
2525,2,2,5,1,4
2526,1,1,1,1,4
2527,2,3,4,5,4
2528,1,2,4,2,4
2529,2,4,5,1,4
2530,2,4,1,1,4
2531,2,2,5,4,4
2532,4,1,1,4,4
2533,1,1,1,3,4
2534,1,2,2,5,4
2535,2,2,5,2,4
2536,2,2,1,2,4
2537,2,4,5,4,4
2538,5,5,4,5,4
2539,2,4,2,3,4
2540,4,3,4,4,4
2541,1,3,4,3,4
2542,4,2,1,3,4
2543,2,3,4,3,4
2544,1,2,3,2,4
2545,4,3,2,3,4
2546,4,4,4,5,4
2547,4,2,5,1,4
2548,1,2,5,3,4
2549,5,4,3,5,4
2550,5,3,1,1,4
2551,1,4,2,2,4
2552,5,3,2,3,4
2553,2,2,2,2,4
2554,1,5,1,4,4
2555,2,5,1,4,4
2556,2,4,1,3,4
2557,2,1,3,1,4
2558,4,2,4,5,4
2559,1,3,5,3,4
2560,4,5,1,5,4
2561,2,3,5,4,4
2562,4,1,4,3,4
2563,2,2,2,4,4
2564,1,1,4,4,4
2565,2,2,5,4,4
2566,2,3,2,2,4
2567,5,4,3,5,4
2568,4,3,5,2,4
2569,2,3,4,3,4
2570,4,3,3,1,4
2571,2,3,3,5,4
2572,4,1,1,2,4
2573,4,1,4,3,4
2574,2,3,1,4,4
2575,4,4,3,4,4
2576,1,2,4,1,4
2577,2,5,2,4,4
2578,5,4,5,3,4
2579,2,3,4,4,4
2580,2,1,2,4,4
2581,1,2,3,4,4
2582,1,3,2,5,4
2583,5,5,5,3,4
2584,4,4,4,5,4
2585,2,5,1,4,4
2586,4,2,4,2,4
2587,5,4,4,4,4
2588,5,5,1,5,4
2589,5,2,5,1,4
2590,5,1,1,4,4
2591,4,4,5,5,4
2592,2,5,1,2,4
2593,1,3,1,2,4
2594,1,1,5,3,4
2595,4,3,5,4,4
2596,2,4,1,2,4
2597,2,4,5,4,4
2598,4,5,3,2,4
2599,2,1,4,2,4
2600,2,5,2,4,4
2601,1,3,5,5,4
2602,2,5,5,2,4
2603,2,4,1,4,4
2604,5,1,1,2,4
2605,4,3,4,3,4
2606,2,1,5,1,4
2607,2,3,1,2,4
2608,4,1,4,5,4
2609,2,3,3,4,4
2610,2,5,1,2,4
2611,2,5,3,1,4
2612,4,2,2,5,4
2613,5,2,1,2,4
2614,5,5,1,1,4
2615,4,5,1,3,4
2616,1,3,1,3,4
2617,4,4,4,2,4
2618,4,5,3,3,4
2619,5,1,2,1,4
2620,1,4,3,4,4
2621,2,3,5,4,4
2622,4,3,5,1,4
2623,2,2,5,3,4
2624,2,1,4,3,4
2625,2,5,5,3,4
2626,4,1,4,2,4
2627,4,5,3,3,4
2628,2,5,4,2,4
2629,1,1,5,4,4
2630,5,1,5,4,4
2631,2,5,1,4,4
2632,4,1,4,2,4
2633,5,5,2,3,4
2634,4,3,5,3,4
2635,1,3,1,3,4
2636,5,5,3,3,4
2637,5,2,2,2,4
2638,2,1,2,2,4
2639,2,1,3,3,4
2640,4,1,5,2,4
2641,2,2,3,5,4
2642,4,2,3,1,4
2643,5,4,3,5,4
2644,5,4,1,2,4
2645,4,4,3,5,4
2646,1,4,2,2,4
2647,5,5,5,3,4
2648,2,4,2,1,4
2649,4,4,4,1,4
2650,1,1,1,1,4
2651,2,1,3,2,4
2652,4,1,4,2,4
2653,1,4,5,3,4
2654,4,4,1,3,4
2655,2,2,5,5,4
2656,4,5,4,3,4
2657,2,4,3,3,4
2658,2,3,1,1,4
2659,2,5,3,2,4
2660,4,5,1,1,4
2661,2,3,3,2,4
2662,2,4,1,1,4
2663,5,3,4,1,4
2664,1,5,2,2,4
2665,4,1,5,5,4
2666,4,5,5,3,4
2667,2,3,2,3,4
2668,2,4,4,1,4
2669,1,4,2,1,4
2670,1,4,2,1,4
2671,5,1,2,5,4
2672,1,5,2,2,4
2673,4,5,1,1,4
2674,1,1,1,4,4
2675,5,2,4,4,4
2676,2,4,3,4,4
2677,1,2,1,5,4
2678,5,5,3,3,4
2679,5,4,4,1,4
2680,2,1,4,4,4
2681,1,3,3,3,4
2682,2,1,2,2,4
2683,4,3,4,2,4
2684,5,3,4,2,4
2685,2,3,1,1,4
2686,4,5,3,4,4
2687,2,4,5,5,4
2688,1,2,3,3,4
2689,1,2,1,1,4
2690,4,1,3,2,4
2691,1,4,1,1,4
2692,4,4,5,2,4
2693,4,2,5,2,4
2694,4,3,4,4,4
2695,2,5,2,3,4
2696,4,3,1,3,4
2697,1,1,5,3,4
2698,4,5,4,5,4
2699,5,1,1,5,4
2700,4,3,5,1,4
2701,5,5,5,3,4
2702,2,5,1,2,4
2703,5,1,5,4,4
2704,4,2,4,4,4
2705,2,3,2,2,4
2706,2,3,2,5,4
2707,4,1,2,1,4
2708,2,1,3,5,4
2709,2,1,2,2,4
2710,5,4,2,3,4
2711,2,4,2,5,4
2712,1,3,2,5,4
2713,5,5,2,4,4
2714,1,3,1,3,4
2715,4,3,5,1,4
2716,2,3,2,2,4
2717,1,1,1,2,4
2718,5,3,5,5,4
2719,4,5,5,5,4
2720,4,3,3,2,4
2721,4,1,4,3,4
2722,2,3,4,2,4
2723,2,3,1,5,4
2724,1,5,3,4,4
2725,4,4,1,5,4
2726,2,2,4,2,4
2727,5,1,3,3,4
2728,2,3,2,1,4
2729,2,3,5,1,4
2730,2,2,3,4,4
2731,1,2,3,2,4
2732,2,1,5,3,4
2733,5,3,4,1,4
2734,4,2,2,3,4
2735,2,5,1,2,4
2736,5,4,2,2,4
2737,4,5,5,3,4
2738,5,4,3,1,4
2739,4,1,2,5,4
2740,1,2,5,1,4
2741,4,4,3,1,4
2742,2,5,3,4,4
2743,4,3,2,5,4
2744,4,2,4,2,4
2745,5,1,2,2,4
2746,5,4,4,5,4
2747,4,3,1,5,4
2748,1,5,2,5,4
2749,5,5,3,4,4
2750,4,3,4,4,4
2751,5,3,1,2,4
2752,4,3,5,1,4
2753,4,3,1,4,4
2754,2,1,5,1,4
2755,2,5,5,4,4
2756,2,1,3,1,4
2757,2,3,4,2,4
2758,2,1,3,1,4
2759,2,3,1,3,4
2760,2,2,1,4,4
2761,4,1,4,3,4
2762,4,3,1,2,4
2763,2,4,2,4,4
2764,2,2,4,3,4
2765,4,3,1,3,4
2766,2,3,5,5,4
2767,2,3,3,4,4
2768,2,2,1,5,4
2769,4,3,1,3,4
2770,5,1,2,3,4
2771,5,2,4,2,4
2772,1,2,4,5,4
2773,2,2,5,4,4
2774,5,1,5,3,4
2775,2,1,4,3,4
2776,4,5,3,5,4
2777,5,5,1,3,4
2778,5,1,1,4,4
2779,2,4,1,1,4
2780,4,3,5,2,4
2781,4,1,2,2,4
2782,2,3,5,3,4
2783,1,3,1,1,4
2784,2,4,3,4,4
2785,4,3,1,5,4
2786,1,4,3,1,4
2787,4,4,2,5,4
2788,1,4,1,3,4
2789,4,1,2,2,4
2790,4,1,5,2,4
2791,2,1,3,1,4
2792,1,3,4,4,4
2793,1,2,5,3,4
2794,5,5,4,4,4
2795,4,5,1,1,4
2796,1,2,4,2,4
2797,1,2,1,2,3
2798,2,3,4,2,4
2799,2,2,1,1,4
2800,1,1,2,2,4
2801,5,1,3,4,4
2802,4,2,3,5,4
2803,5,4,4,5,4
2804,4,5,4,2,4
2805,1,5,3,2,4
2806,2,1,3,1,4
2807,2,3,2,4,4
2808,4,5,2,4,4
2809,2,1,1,5,4
2810,4,2,5,5,4
2811,2,3,4,3,4
2812,4,3,2,5,4
2813,1,4,4,2,4
2814,2,4,1,1,4
2815,4,2,5,3,4
2816,5,4,2,4,4
2817,4,4,1,5,4
2818,2,4,3,3,3
2819,4,2,3,4,4
2820,2,2,1,5,4
2821,2,2,5,5,4
2822,4,2,3,3,4
2823,2,5,2,1,4
2824,5,1,4,1,4
2825,4,5,4,4,4
2826,5,4,3,4,4
2827,4,4,4,5,4
2828,2,5,5,3,4
2829,2,2,5,3,4
2830,1,1,2,2,4
2831,2,5,1,4,4
2832,5,4,5,5,4
2833,2,2,5,2,4
2834,5,5,3,3,4
2835,5,4,5,3,4
2836,2,5,4,1,4
2837,4,4,1,4,4
2838,5,4,4,2,4
2839,1,1,4,5,4
2840,2,3,2,3,4
2841,5,2,2,2,4
2842,1,2,1,5,4
2843,1,5,1,4,4
2844,5,2,5,2,4
2845,4,3,4,2,4
2846,5,1,1,4,4
2847,2,1,2,2,4
2848,1,2,1,1,3
2849,5,5,1,1,4
2850,1,4,1,4,3
2851,4,4,3,3,4
2852,1,2,1,2,4
2853,5,5,1,1,2
2854,2,1,3,4,2
2855,4,3,5,5,2
2856,5,4,5,2,2
2857,2,5,2,5,4
2858,5,1,2,5,4
2859,2,1,3,3,2
2860,2,2,1,4,4
2861,2,2,4,5,4
2862,4,1,2,3,4
2863,4,2,2,1,2
2864,2,1,3,4,4
2865,1,2,2,3,4
2866,2,3,3,2,4
2867,2,3,1,3,4
2868,5,3,4,1,4
2869,2,2,5,4,4
2870,4,5,3,2,4
2871,5,2,5,2,4
2872,2,3,5,1,4
2873,4,4,2,3,4
2874,1,3,5,1,4
2875,4,3,5,4,4
2876,4,3,3,2,4
2877,2,2,4,1,4
2878,2,2,3,3,4
2879,2,1,5,2,4
2880,4,1,1,2,4
2881,4,5,4,1,4
2882,4,3,2,5,4
2883,4,4,3,4,4
2884,2,3,2,4,4
2885,1,1,5,5,4
2886,2,5,5,1,4
2887,5,5,1,1,4
2888,5,5,2,5,4
2889,1,2,2,1,4
2890,2,3,5,5,4
2891,1,5,2,3,4
2892,2,2,1,5,4
2893,2,3,1,1,4
2894,4,1,4,4,4
2895,2,1,2,5,4
2896,4,5,4,1,4
2897,4,3,5,2,4
2898,4,1,4,3,4
2899,5,1,5,3,4
2900,2,1,4,1,3
2901,4,1,4,5,4
2902,1,5,4,3,4
2903,5,3,3,5,2
2904,4,4,2,4,3
2905,1,2,5,1,4
2906,5,2,5,4,2
2907,4,1,4,5,2
2908,1,4,2,5,3
2909,1,2,4,4,2
2910,1,5,1,3,3
2911,2,5,2,2,3
2912,4,3,5,3,2
2913,2,4,1,2,2
2914,2,5,3,3,3
2915,1,3,4,2,3
2916,2,4,4,2,2
2917,4,1,4,5,3
2918,4,4,3,1,3
2919,5,5,1,2,2
2920,5,2,4,4,3
2921,2,5,2,3,3
2922,5,4,2,5,3
2923,4,5,1,2,2
2924,5,5,4,4,3
2925,4,1,3,1,3
2926,5,1,1,1,2
2927,1,4,2,2,3
2928,5,5,4,1,4
2929,2,1,3,4,2
2930,2,1,4,2,3
2931,2,5,4,4,3
2932,4,4,4,3,4
2933,1,3,1,4,2
2934,2,4,3,1,4
2935,5,5,1,1,4
2936,1,4,3,1,2
2937,2,1,4,4,2
2938,1,2,5,1,2
2939,2,4,3,3,2
2940,5,5,1,3,2
2941,2,5,2,5,2
2942,2,3,3,4,2
2943,2,4,1,5,2
2944,1,2,4,1,2
2945,4,4,2,1,2
2946,2,4,5,3,2
2947,1,3,4,2,4
2948,2,2,4,5,2
2949,4,2,2,2,4
2950,4,3,3,5,2
2951,2,3,1,3,4
2952,4,5,3,2,4
2953,5,2,3,4,4
2954,2,5,2,1,4
2955,1,5,2,3,4
2956,2,5,4,1,4
2957,1,1,3,4,4
2958,4,1,2,4,4
2959,2,1,5,2,4
2960,2,2,4,3,4
2961,2,2,2,4,4
2962,1,1,2,3,4
2963,2,1,3,2,4
2964,2,4,1,3,4
2965,1,4,4,5,4
2966,4,5,2,5,4
2967,4,2,3,1,4
2968,4,1,5,4,4
2969,2,4,5,5,4
2970,5,5,5,5,4
2971,1,3,5,4,4
2972,1,3,4,3,4
2973,5,1,3,3,4
2974,5,4,5,4,4
2975,4,2,3,4,4
2976,1,4,3,1,4
2977,2,2,4,3,4
2978,4,5,2,4,4
2979,2,4,5,4,4
2980,2,1,3,5,4
2981,1,5,3,2,4
2982,2,5,4,3,4
2983,2,4,5,4,4
2984,5,4,1,1,4
2985,1,3,5,2,4
2986,1,4,5,3,4
2987,4,4,3,3,4
2988,1,4,4,4,4
2989,4,2,3,3,4
2990,2,2,2,3,4
2991,2,5,5,3,3
2992,4,1,4,2,4
2993,4,5,5,1,4
2994,4,5,5,3,4
2995,4,1,5,2,2
2996,4,3,2,2,4
2997,2,1,2,5,4
2998,1,4,3,3,2
2999,2,2,1,4,4
3000,1,2,2,5,4
3001,5,5,4,3,4
3002,2,3,3,3,4
3003,5,4,3,5,4
3004,5,4,3,4,4
3005,2,4,5,1,4
3006,1,3,5,2,4
3007,2,2,5,3,4
3008,4,2,1,4,4
3009,2,1,2,4,4
3010,1,1,5,5,4
3011,5,4,4,3,4
3012,1,3,5,1,3
3013,1,5,2,4,1
3014,2,3,4,2,1
3015,2,5,5,5,1
3016,4,3,1,2,1
3017,5,3,5,3,1
3018,2,1,1,4,1
3019,2,3,4,2,1
3020,2,2,5,1,1
3021,2,5,3,4,1
3022,1,2,2,3,1
3023,2,3,5,3,1
3024,2,4,5,5,4
3025,1,3,4,5,4
3026,2,3,2,4,4
3027,5,3,2,4,4
3028,2,5,4,1,4
3029,4,1,1,3,4
3030,1,2,2,5,4
3031,1,2,3,2,4
3032,2,1,3,2,4
3033,2,3,3,5,4
3034,2,1,4,2,4
3035,1,2,4,5,4
3036,2,1,4,2,4
3037,4,3,4,2,4
3038,2,5,5,5,4
3039,5,4,2,1,4
3040,5,5,1,4,4
3041,2,5,5,4,4
3042,4,4,1,2,3
3043,2,5,3,3,3
3044,2,1,1,3,3
3045,2,5,4,1,3
3046,4,2,5,3,3
3047,5,4,2,1,3
3048,2,2,2,3,4
3049,4,5,3,2,4
3050,4,1,3,4,4
3051,5,3,5,5,4
3052,5,5,1,3,4
3053,2,2,1,3,4
3054,1,5,5,2,4
3055,2,5,1,3,4
3056,5,5,5,2,4
3057,4,1,2,5,4
3058,1,4,1,1,4
3059,1,2,1,3,4
3060,2,5,2,4,4
3061,4,5,1,3,4
3062,1,3,4,1,4
3063,5,1,5,1,4
3064,4,2,2,5,4
3065,4,3,1,2,4
3066,1,5,4,1,4
3067,4,3,1,2,4
3068,5,3,2,1,4
3069,4,1,2,3,4
3070,1,1,5,4,4
3071,2,1,4,2,4
3072,1,2,4,1,4
3073,4,2,3,5,4
3074,1,1,3,2,4
3075,5,5,3,1,4
3076,5,2,1,5,4
3077,1,2,1,2,4
3078,1,1,1,5,4
3079,4,3,5,3,4
3080,2,3,3,5,4
3081,2,3,3,1,4
3082,1,4,3,4,4
3083,2,4,4,3,4
3084,4,5,3,3,4
3085,2,4,3,5,4
3086,1,4,2,2,4
3087,4,4,3,4,4
3088,5,5,3,5,4
3089,4,5,3,5,4
3090,5,3,2,4,4
3091,5,2,2,4,4
3092,2,4,4,1,4
3093,2,3,4,5,4
3094,1,2,3,1,4
3095,4,5,2,3,4
3096,5,1,3,2,4
3097,4,5,3,4,4
3098,4,3,5,4,4
3099,4,5,4,4,3
3100,5,1,5,2,4
3101,2,5,4,1,4
3102,2,1,2,3,3
3103,4,2,5,2,4
3104,2,5,2,3,4
3105,1,2,1,2,4
3106,4,5,1,2,4
3107,4,2,1,4,4
3108,2,1,4,1,4
3109,2,1,2,1,1
3110,2,1,2,1,4
3111,1,2,5,2,4
3112,4,5,2,3,4
3113,4,5,2,5,4
3114,2,2,2,2,4
3115,4,1,3,5,4
3116,5,2,1,4,4
3117,2,2,3,1,4
3118,2,3,2,3,4
3119,5,4,5,2,4
3120,4,1,5,3,4
3121,4,4,1,3,4
3122,5,1,1,5,4
3123,4,5,2,2,4
3124,5,2,4,2,4
3125,4,3,5,4,4
3126,2,4,5,1,4
3127,2,4,5,5,4
3128,2,3,5,4,4
3129,5,4,2,4,4
3130,5,4,3,3,4
3131,2,3,2,5,4
3132,4,2,2,1,4
3133,5,1,5,1,4
3134,5,3,2,1,3
3135,4,1,2,1,4
3136,4,5,3,5,4
3137,2,1,2,4,4
3138,4,5,3,1,4
3139,4,3,2,1,4
3140,5,1,1,1,4
3141,2,3,1,4,3
3142,4,4,5,1,4
3143,2,1,4,1,4
3144,2,3,4,3,3
3145,2,1,2,1,4
3146,4,5,1,1,4
3147,5,2,2,5,4
3148,2,4,5,1,3
3149,2,2,1,4,3
3150,2,3,2,2,4
3151,4,3,3,1,3
3152,5,1,3,1,3
3153,4,1,5,3,4
3154,2,1,3,5,4
3155,2,2,5,4,4
3156,5,4,2,2,4
3157,5,4,1,3,3
3158,2,1,1,3,3
3159,4,1,1,2,4
3160,4,5,5,3,3
3161,1,1,5,4,4
3162,5,4,4,2,4
3163,4,2,4,5,4
3164,5,4,2,3,4
3165,2,1,5,5,4
3166,2,2,4,1,3
3167,4,5,2,1,3
3168,2,5,2,2,4
3169,4,3,2,3,3
3170,2,1,3,2,4
3171,5,4,1,5,4
3172,4,2,3,1,4
3173,1,5,4,3,4
3174,5,1,5,5,4
3175,1,5,4,1,4
3176,1,5,3,5,3
3177,1,3,4,2,4
3178,1,5,2,1,1
3179,2,5,2,1,4
3180,4,2,1,1,4
3181,4,5,4,1,4
3182,2,3,3,4,1
3183,3,1,1,4,1
3184,5,3,1,4,1
3185,2,5,4,5,1
3186,2,5,2,3,4
3187,3,4,2,2,1
3188,4,5,2,4,4
3189,1,4,3,4,1
3190,2,4,5,5,1
3191,2,1,2,2,4
3192,3,5,4,1,4
3193,3,1,1,5,1
3194,1,2,5,5,4
3195,2,5,4,1,4
3196,2,3,3,1,4
3197,1,5,5,2,1
3198,2,1,3,1,4
3199,2,1,4,4,4
3200,4,5,1,3,4
3201,4,1,4,5,4
3202,4,2,5,1,4
3203,4,4,4,2,4
3204,4,4,1,1,4
3205,4,3,1,3,4
3206,2,2,4,4,4
3207,5,4,4,5,4
3208,2,5,1,3,4
3209,5,3,3,1,4
3210,5,3,5,1,4
3211,2,1,5,3,4
3212,5,2,5,4,4
3213,2,2,5,1,4
3214,2,3,1,2,4
3215,3,4,3,5,4
3216,5,1,4,3,4
3217,3,1,2,1,4
3218,5,2,2,5,4
3219,3,3,3,4,4
3220,1,5,4,3,4
3221,4,1,3,5,4
3222,2,2,5,1,4
3223,5,4,4,2,4
3224,5,2,4,5,4
3225,3,3,1,1,4
3226,4,1,2,3,4
3227,2,3,5,2,4
3228,2,3,5,3,4
3229,1,4,3,4,4
3230,1,4,3,1,4
3231,2,5,3,3,3
3232,1,5,2,3,4
3233,2,5,3,1,4
3234,3,1,3,4,4
3235,2,3,4,1,4
3236,5,2,4,1,4
3237,4,5,1,2,4
3238,4,5,3,5,4
3239,3,5,2,5,4
3240,2,2,5,4,4
3241,1,1,5,3,4
3242,3,3,3,1,4
3243,2,2,3,1,4
3244,2,2,1,1,4
3245,1,3,5,2,4
3246,4,1,1,4,4
3247,3,2,5,4,4
3248,5,4,3,3,4
3249,3,3,2,5,4
3250,2,1,1,3,4
3251,5,5,1,2,4
3252,4,1,3,1,1
3253,2,1,3,1,4
3254,3,2,4,1,4
3255,3,1,4,1,4
3256,5,4,1,4,4
3257,3,1,3,5,4
3258,2,4,4,3,4
3259,2,5,2,1,4
3260,3,5,2,1,4
3261,4,2,2,1,4
3262,4,4,3,3,1
3263,2,1,3,2,1
3264,5,1,4,3,4
3265,1,4,3,2,4
3266,2,1,2,3,4
3267,5,1,5,2,4
3268,2,1,5,4,4
3269,1,1,5,2,4
3270,2,5,5,4,4
3271,3,1,5,1,4
3272,3,5,5,2,4
3273,4,4,5,4,4
3274,3,3,5,4,1
3275,3,1,2,3,1
3276,2,2,2,4,4
3277,5,3,2,3,4
3278,4,1,4,4,4
3279,5,5,2,1,4
3280,5,4,5,4,4
3281,5,4,4,4,4
3282,3,5,1,1,4
3283,3,1,3,3,4
3284,2,2,4,1,4
3285,4,3,3,3,1
3286,3,3,1,4,1
3287,1,5,1,2,4
3288,2,1,5,2,4
3289,4,3,5,1,4
3290,3,1,1,2,4
3291,2,1,1,3,4
3292,4,5,4,3,4
3293,3,5,3,4,4
3294,3,3,2,2,4
3295,5,1,2,1,4
3296,2,1,4,5,1
3297,4,2,3,3,4
3298,5,3,4,4,4
3299,4,4,1,2,4
3300,2,1,1,3,4
3301,1,2,2,2,4
3302,4,5,1,2,4
3303,3,1,2,1,4
3304,4,2,4,2,4
3305,4,5,4,5,4
3306,4,3,5,1,1
3307,4,2,4,1,4
3308,3,1,3,2,4
3309,1,2,3,5,4
3310,3,4,5,5,4
3311,4,5,2,1,4
3312,4,3,1,4,4
3313,3,1,2,2,4
3314,4,1,4,1,4
3315,3,5,3,4,4
3316,3,2,1,2,4
3317,3,1,5,5,4
3318,3,4,3,3,4
3319,3,5,3,4,4
3320,5,1,4,4,4
3321,2,4,1,3,4
3322,4,2,5,4,4
3323,4,5,3,5,4
3324,3,3,2,5,1
3325,3,4,5,5,4
3326,3,4,1,3,4
3327,1,5,1,1,4
3328,3,2,5,4,4
3329,4,4,4,3,4
3330,4,1,3,3,4
3331,2,1,5,5,4
3332,3,2,4,5,4
3333,3,2,3,1,4
3334,3,1,4,2,4
3335,3,5,1,3,4
3336,3,4,4,2,4
3337,3,5,5,2,4
3338,3,3,2,4,4
3339,5,1,1,3,4
3340,3,5,2,3,4
3341,1,3,5,3,4
3342,2,3,4,1,4
3343,4,4,2,5,4
3344,3,5,4,1,4
3345,4,1,1,3,4
3346,2,5,3,2,4
3347,3,4,2,1,4
3348,2,5,2,1,4
3349,3,1,4,3,4
3350,5,2,1,1,4
3351,2,4,2,3,4
3352,3,2,5,2,4
3353,3,2,3,2,4
3354,3,1,4,1,4
3355,5,1,3,3,4
3356,3,2,5,1,2
3357,1,3,3,1,3
3358,3,1,1,2,4
3359,3,3,1,3,3
3360,2,4,4,1,3
3361,3,1,3,3,3
3362,1,1,5,1,3
3363,5,4,4,2,3
3364,3,1,5,2,3
3365,3,1,1,4,4
3366,4,4,5,5,3
3367,2,4,1,5,3
3368,5,5,1,4,3
3369,2,2,5,4,3
3370,3,3,5,3,3
3371,3,4,2,5,3
3372,4,1,3,1,4
3373,2,2,4,4,3
3374,4,1,3,3,3
3375,3,2,4,3,3
3376,5,4,1,2,3
3377,4,3,5,3,3
3378,3,5,1,4,3
3379,4,2,1,4,3
3380,1,4,3,2,3
3381,3,1,5,2,3
3382,5,3,5,5,3
3383,2,3,2,3,3
3384,3,2,1,2,4
3385,3,2,1,4,4
3386,2,2,1,5,4
3387,3,1,3,4,4
3388,1,3,1,3,4
3389,1,2,3,1,4
3390,1,2,4,2,4
3391,3,4,3,1,4
3392,2,3,4,2,4
3393,3,3,4,4,2
3394,2,1,5,5,4
3395,3,4,4,3,2
3396,4,4,3,3,4
3397,3,3,3,2,4
3398,3,5,2,1,4
3399,2,4,4,5,4
3400,1,2,5,3,4
3401,1,4,4,1,4
3402,3,1,4,4,4
3403,3,4,4,3,3
3404,2,4,1,1,4
3405,1,2,1,1,4
3406,5,5,5,4,4
3407,5,1,3,5,4
3408,3,2,2,4,4
3409,4,5,5,4,4
3410,3,4,3,4,4
3411,2,2,3,2,4
3412,3,5,4,4,3
3413,5,1,2,5,4
3414,3,5,2,4,3
3415,3,2,5,1,4
3416,2,1,2,1,4
3417,1,2,5,5,4
3418,4,5,3,4,4
3419,2,2,5,2,4
3420,2,2,3,3,4
3421,1,5,4,2,4
3422,3,1,1,3,4
3423,3,4,5,3,4
3424,2,2,4,5,4
3425,2,5,2,3,4
3426,2,1,3,2,4
